Frequency,Monetary,Recency
3,904.44,75
1,1757.55,18
1,334.40000000000003,310
8,2506.04,36
1,89.0,204
1,1079.4,232
1,459.40000000000003,214
3,2811.43,22
2,1168.06,1
3,2662.06,52
1,189.9,287
2,552.0,109
4,1313.1,7
2,641.38,291
1,168.9,4
2,1677.67,51
2,1887.96,44
3,1298.04,71
1,364.6,311
1,742.9300000000001,25
2,457.5,10
1,626.6,315
2,852.24,81
4,2724.81,21
5,1845.31,4
4,1249.84,184
2,585.27,28
1,143.0,337
6,2780.6600000000003,15
1,549.84,79
1,439.66,21
4,1582.6000000000001,72
2,1272.48,63
10,2338.71,19
2,2409.9,35
1,1635.6599999999999,45
4,1108.65,119
1,84.3,303
1,225.60000000000002,323
1,427.7,49
1,1710.39,148
2,3415.3,22
5,1708.12,49
5,2888.55,32
2,693.33,308
3,1226.88,74
3,758.1,66
3,562.4100000000001,217
8,3357.76,3
1,668.58,112
1,600.39,63
4,807.04,15
3,803.5600000000001,95
7,1621.38,0
2,1760.96,162
1,777.2,78
1,582.73,194
2,522.3,21
3,2468.9,9
1,256.4,43
2,806.14,84
1,509.01,99
2,2906.85,14
1,172.06,3
1,133.4,22
1,1002.3100000000001,57
1,476.49,243
1,449.45,44
2,197.88,156
2,430.57000000000005,16
1,707.09,134
1,3528.34,56
6,2466.86,73
3,3181.04,44
7,2363.23,66
2,947.4,71
2,826.88,94
2,1189.59,18
4,1344.78,53
8,1212.05,10
2,742.19,17
2,729.54,187
1,723.38,53
1,680.99,3
1,527.2,11
4,3281.63,28
8,2484.98,17
3,1298.66,9
1,334.93,336
1,460.40000000000003,38
2,263.21000000000004,63
2,433.74,165
5,1183.55,15
1,1043.1,81
3,403.70000000000005,21
1,2169.39,336
2,482.04999999999995,18
1,73.5,232
3,1304.81,134
2,397.88,26
1,176.5,284
2,982.5699999999999,142
2,132.18,66
1,612.29,112
1,1017.6800000000001,267
2,1312.06,77
5,2481.6,28
5,2056.89,0
1,330.84000000000003,63
5,2634.26,79
1,599.68,142
2,192.72,39
11,1789.77,19
3,1316.66,0
3,348.71000000000004,81
6,1933.48,9
4,1662.28,59
1,125.22,14
1,349.83000000000004,30
1,1089.18,130
2,716.35,91
1,363.95,29
3,981.18,29
1,372.7,36
2,1000.39,75
2,1161.5,46
2,207.8,197
1,95.19999999999999,166
1,964.83,79
2,437.82,38
2,599.56,50
1,269.96,7
2,561.71,310
3,2134.01,5
1,238.85,302
1,456.90000000000003,261
1,145.92000000000002,288
1,351.65,86
2,519.61,39
2,1020.4200000000001,8
1,160.54000000000002,227
1,218.45000000000002,315
5,1315.83,35
2,430.71,35
2,2794.51,21
1,440.42,78
1,415.7,246
1,197.71,39
2,511.36,238
9,2338.15,3
1,777.25,234
1,196.94000000000003,17
1,144.0,7
1,214.89999999999998,39
2,646.68,28
1,452.84999999999997,317
2,437.6,92
3,418.1,108
10,3338.2200000000003,37
2,618.27,51
8,3023.08,9
7,1032.58,29
8,2324.24,28
5,577.0600000000001,189
1,153.12,58
1,739.1999999999999,21
2,254.18,79
1,1579.51,60
3,1126.85,78
5,2099.54,22
1,1193.32,52
1,704.04,74
5,3344.38,57
1,315.6,277
4,2291.19,2
2,713.3,95
1,352.98,29
1,177.31,21
3,1339.41,14
1,180.1,232
1,305.1,276
2,641.13,106
2,2683.82,211
3,786.46,4
2,1270.88,9
1,640.5,57
4,2163.98,58
2,1689.18,89
1,671.69,33
1,486.1,238
3,1174.58,23
1,185.9,115
3,1013.26,25
6,3344.64,128
1,477.90999999999997,129
4,1775.18,33
2,1346.97,4
8,2529.22,22
1,318.05,154
3,623.51,107
1,314.44,3
1,114.0,334
1,919.98,331
2,2209.85,148
5,601.98,10
4,1643.18,11
1,686.05,18
1,91.68,29
1,245.10000000000002,11
1,63.0,324
1,620.13,58
3,3337.28,11
3,2744.0299999999997,150
5,2996.05,10
1,225.9,329
2,610.52,5
4,1970.6,38
6,1331.39,24
4,1113.02,58
4,880.81,0
7,2283.63,7
6,2863.08,28
2,1247.6100000000001,25
1,389.01,205
5,855.8,28
4,855.91,127
2,869.67,70
4,582.1,7
3,957.59,28
2,797.71,79
1,219.0,19
1,283.55,71
8,2340.84,7
1,603.42,291
9,2516.4700000000003,29
3,1149.02,96
1,848.55,0
1,343.36,106
2,1053.49,3
2,1030.98,151
1,238.25,71
2,644.95,5
5,2369.53,31
4,997.63,85
5,725.07,3
4,1031.41,5
6,2438.82,28
4,836.33,71
1,453.01,113
1,236.26000000000002,179
1,383.95,234
2,779.5699999999999,315
1,234.0,332
2,1013.04,78
1,427.6,63
2,540.13,134
9,3489.7400000000002,2
1,275.88,128
3,3010.74,235
1,17.549999999999997,280
1,112.08,86
2,2791.59,116
3,1531.44,52
2,1898.52,7
1,174.0,138
1,1693.88,316
1,1143.6,238
1,1351.45,210
1,892.47,59
5,1386.04,17
6,822.23,19
2,826.74,63
4,1867.42,4
6,2225.91,2
2,532.82,9
3,463.66,9
1,91.85,65
1,324.92,192
1,400.54,256
1,413.68,334
2,860.41,53
1,430.48,18
1,427.58,186
2,354.25,36
1,489.31,177
3,514.85,260
1,229.64000000000001,44
1,125.92,101
2,1063.46,147
2,572.2,95
1,166.04000000000002,281
1,1542.08,261
4,942.34,3
1,92.72,214
2,948.88,70
5,1759.5,74
1,397.12,59
6,1319.72,2
3,430.15,5
6,1018.71,2
1,207.25,336
1,215.05,262
2,383.03000000000003,32
1,417.38,145
1,312.38,282
4,2610.36,59
1,134.1,173
1,281.16,33
4,2726.77,143
23,3485.59,4
2,1118.99,70
8,1702.26,65
2,325.96000000000004,29
4,354.09000000000003,267
1,843.64,22
2,1010.29,31
1,131.81,96
1,311.55,294
6,1957.1000000000001,134
3,1316.25,78
6,2170.78,7
2,1106.4,210
1,521.2,52
1,147.12,138
2,1568.23,26
1,559.12,283
5,1403.76,185
2,380.64,84
1,221.44,326
1,374.0,282
1,49.470000000000006,143
2,2218.02,57
11,1385.71,3
2,854.99,236
3,573.22,44
1,298.0,275
2,1463.04,9
4,703.47,24
1,309.05,88
3,1175.22,63
2,1378.4,67
2,354.12,214
1,376.71999999999997,24
3,331.0,185
1,176.55,30
2,372.8,42
2,216.5,204
1,138.68,264
2,496.06,18
5,2919.81,11
2,750.0,176
5,2178.67,39
8,3075.04,23
5,1662.3,2
4,2066.01,4
1,164.0,148
4,2944.95,138
1,594.0,128
6,1335.19,8
1,162.78,17
1,405.38,161
1,172.82,64
4,933.7,88
2,694.05,4
4,1670.3600000000001,35
1,117.85,311
2,415.8,78
3,607.53,24
7,2160.7,2
4,1063.9,17
4,1504.27,15
1,114.14,25
2,899.69,54
2,416.85,131
1,317.56,35
1,462.95,288
5,1299.95,143
7,2064.95,16
3,1843.0,2
6,1064.07,8
4,1387.79,5
1,329.85,9
1,108.07,306
2,266.39,7
7,1490.83,8
1,769.8100000000001,89
1,160.18,9
1,135.95,112
4,405.47,7
1,144.8,197
1,738.6,211
1,39.239999999999995,156
2,372.21999999999997,29
1,390.54,242
1,97.5,18
2,1239.38,0
2,558.7,73
1,505.82,292
3,409.5,31
2,503.76,23
4,414.76,23
3,974.42,4
1,211.32,85
4,1226.89,22
3,455.88,196
2,333.1,106
1,120.95,318
3,149.05,105
2,513.7,173
1,81.57,56
1,229.47,323
8,1646.8400000000001,9
11,3282.6,1
10,3466.28,10
5,3339.64,53
3,789.89,73
1,204.0,7
8,2459.03,4
2,689.9,64
5,975.36,1
2,661.3199999999999,22
2,865.0,30
1,350.08,11
2,1010.1800000000001,52
1,476.91,54
2,921.88,73
3,881.07,138
3,908.46,80
2,676.99,8
1,516.42,273
1,560.47,291
1,305.28000000000003,99
2,629.31,30
7,2870.91,31
4,1819.41,14
2,656.6800000000001,64
1,348.15000000000003,212
3,1214.41,78
3,271.40000000000003,24
1,183.4,249
1,307.53000000000003,253
1,248.61,72
1,346.98,191
4,1105.59,12
2,470.8,24
1,115.46000000000001,82
2,344.0,10
1,228.8,192
1,177.15,266
1,919.61,129
3,414.3,1
5,220.10000000000002,4
1,58.08,179
2,303.75,4
2,416.08,157
1,345.82,28
4,292.38,70
11,1703.64,21
1,74.39999999999999,70
1,207.36,99
1,101.19,234
1,243.94,39
5,996.72,3
1,76.5,133
4,1531.6200000000001,44
2,786.54,59
7,1488.67,31
4,2294.78,11
1,501.14,138
6,596.76,21
5,1197.81,19
1,30.6,238
1,283.73,269
2,922.39,94
2,2500.01,89
6,1876.2,4
1,259.17,77
1,64.0,94
3,1073.3,23
1,77.3,261
2,109.8,273
4,1793.58,85
1,3096.0,196
5,2607.61,56
5,769.16,22
2,264.21,108
5,2388.75,84
1,307.09000000000003,19
1,110.95,332
3,323.52,39
1,228.91,26
4,712.8,10
11,3373.86,29
4,1676.06,14
1,1257.8700000000001,295
1,486.22,5
3,592.06,33
4,1741.22,49
4,1201.06,94
4,1429.35,8
1,91.8,22
1,112.75,313
4,1688.29,122
1,666.8399999999999,46
1,417.2,283
4,791.33,18
4,1299.59,36
2,712.88,63
1,108.81,26
3,468.41,21
1,187.71,4
2,1373.76,16
1,481.49,46
1,282.45,64
1,121.18,45
10,1668.95,14
1,71.4,267
3,1575.89,39
1,236.02,337
1,114.6,11
2,260.68,18
2,911.94,95
1,112.08,61
1,60.7,135
4,1797.78,11
5,3016.69,10
4,870.09,19
4,869.46,9
2,250.26000000000002,15
6,1217.65,58
1,353.48,93
2,984.72,10
3,786.83,19
5,1520.58,56
1,333.74,267
3,533.98,122
1,62.64,127
4,819.2900000000001,78
1,349.25,240
2,163.2,200
2,2155.95,60
1,108.21000000000001,273
1,257.7,201
1,358.0,81
1,160.95,225
13,2662.18,4
7,1328.35,12
2,605.12,74
1,1031.07,212
2,744.85,24
3,609.58,17
1,329.56,261
3,439.58,96
3,270.40000000000003,112
1,585.12,203
1,121.74000000000001,92
1,430.5,50
6,1961.52,18
4,501.12,17
2,465.68,124
3,711.41,92
2,1030.4,156
1,173.81,9
3,672.83,11
1,283.18,61
1,557.62,61
2,944.1,268
1,200.29,263
5,2092.66,53
11,3174.75,17
1,211.49,37
2,276.56,31
1,138.98,113
2,590.9300000000001,63
4,258.4,15
1,542.73,40
1,137.75,78
3,798.46,122
3,1132.14,18
2,93.66,59
1,201.19,330
4,2709.12,23
1,361.11,155
2,578.94,38
2,873.74,189
1,87.4,137
4,2089.85,7
1,360.0,1
1,142.5,268
1,371.89,169
4,618.09,103
1,63.75,155
9,1864.66,4
1,15.0,120
3,1385.51,22
5,1456.79,7
3,1132.03,28
2,598.57,4
5,1555.3200000000002,22
3,775.94,1
4,2035.63,66
3,640.76,1
4,1532.2,78
2,567.36,72
1,199.48000000000002,17
5,787.85,3
1,675.3,81
6,2882.77,38
1,1308.48,316
1,484.79999999999995,31
3,1140.93,92
1,350.90000000000003,14
3,3502.32,82
1,795.12,77
1,487.02,157
1,860.12,200
1,775.85,260
1,353.43,177
3,2511.69,67
1,389.5,287
1,341.36,70
1,233.76000000000002,64
1,247.32,10
2,979.12,16
1,373.94,66
1,397.98,60
1,743.53,71
1,674.7,122
1,768.24,80
1,609.4,257
1,439.03000000000003,268
1,439.56,63
4,3090.7400000000002,9
2,992.5,17
1,134.96,71
2,2225.37,33
1,56.16,50
2,623.4,256
1,378.64,89
3,3312.25,60
1,778.65,88
3,1019.76,99
3,572.56,26
1,222.99,280
1,534.57,329
2,677.1,131
3,797.96,11
1,544.08,74
1,59.8,203
8,2520.02,1
1,307.72,185
2,1360.99,29
5,1544.13,72
1,457.34000000000003,192
1,312.95,127
1,75.0,17
2,252.49,1
3,572.451,74
5,1003.06,24
1,213.55,107
3,1390.5,133
2,712.5,43
2,640.83,4
1,221.06,63
2,159.85,149
2,1833.71,40
1,2626.3,64
3,1624.21,108
9,3304.34,0
3,582.6,19
1,201.78,10
4,1006.8,10
2,679.45,18
2,1269.1,67
2,534.24,74
1,196.89,1
7,3408.06,14
1,283.71,255
1,296.64,91
3,1129.14,23
3,2705.15,16
1,291.88,23
6,2043.72,26
5,2898.2599999999998,26
2,590.0,259
2,356.98,165
1,365.4,24
6,1766.72,17
2,183.44,29
3,1445.0,38
1,151.5,252
1,674.68,58
1,307.90000000000003,184
2,1071.91,10
2,165.0,99
4,2501.84,1
2,422.64,60
1,226.84,236
4,1431.78,191
2,1238.47,178
6,1454.58,37
2,300.95,200
5,1804.56,45
1,184.64000000000001,232
1,140.34,65
1,313.8,241
1,454.24,233
3,1122.41,78
2,382.25,57
4,449.52,105
8,1019.42,51
3,1269.84,136
2,618.63,275
1,316.26000000000005,311
3,1179.44,7
1,152.32,10
1,194.55,282
5,1159.1100000000001,17
3,1166.77,23
1,1340.32,288
3,292.0,16
1,216.85,71
1,295.93,64
1,157.4,316
4,2479.16,3
1,110.97,243
7,979.72,8
4,1791.56,1
1,251.21,260
1,205.1,126
1,152.20000000000002,73
4,891.12,72
3,1389.41,21
3,2128.42,59
1,627.16,85
1,122.75,78
5,3320.95,58
3,1071.73,1
1,125.80000000000001,30
4,3397.93,33
5,680.1800000000001,40
2,628.78,14
7,2242.36,33
2,307.76,78
1,178.35,205
1,210.31,33
3,269.09,182
7,3444.39,1
7,1280.85,43
3,631.34,85
2,276.06,39
3,621.09,12
2,678.16,96
7,918.2,25
1,91.80000000000001,319
2,584.0600000000001,28
4,594.52,5
1,171.42000000000002,7
1,141.85999999999999,215
3,1799.3300000000002,81
2,777.53,84
1,550.64,144
2,240.22,19
2,856.84,40
1,187.05,173
1,228.8,17
1,239.49,243
12,2088.94,12
1,1384.25,205
2,290.25,50
5,732.07,23
4,1687.6000000000001,25
1,302.34000000000003,14
1,118.0,309
1,781.03,155
1,142.4,306
1,712.4,63
9,2478.95,15
2,379.65,14
6,1981.92,11
3,1117.13,64
4,247.95999999999998,35
5,2011.88,108
1,396.97,52
2,664.11,5
1,160.04,47
1,219.52,312
2,693.32,45
1,428.89,64
1,164.34,26
3,276.75,29
1,675.51,40
7,1082.33,12
2,851.25,89
4,1585.46,24
1,417.69,318
3,544.18,40
1,177.34,173
1,213.85,116
5,727.74,30
1,257.23,252
4,1327.28,59
7,2031.78,5
11,3070.42,99
5,2118.93,24
5,1547.3600000000001,33
1,1071.03,67
5,949.12,36
3,804.3,52
1,122.64,15
1,1033.34,74
1,312.28,215
3,519.44,31
4,2624.26,16
1,252.1,120
4,1648.1200000000001,9
1,148.8,256
6,1836.3400000000001,16
2,94.2,35
2,786.28,45
6,2707.33,43
2,932.97,114
2,379.65,164
2,382.14,10
5,2639.17,9
2,1563.0,205
3,881.26,85
1,189.47,179
3,84.65,60
1,299.05,149
2,218.55,50
1,349.7,75
2,186.39000000000001,301
2,387.44,18
2,486.82000000000005,151
1,232.6,151
4,827.83,17
1,59.5,187
1,65.13,285
7,3119.44,2
1,72.0,182
1,910.0,63
1,172.25,59
3,1488.32,24
15,2504.13,31
1,151.3,38
1,308.58000000000004,155
10,2248.63,26
1,99.5,318
9,2308.06,5
2,393.72,7
1,330.79,302
2,806.41,267
1,285.33,271
1,180.48,31
2,252.06,218
1,228.84,246
2,582.71,281
1,138.28,269
6,1445.01,32
2,306.55,246
5,1041.68,15
4,799.9,116
1,524.14,36
3,2375.41,131
1,199.85000000000002,217
8,1980.56,49
2,1079.66,38
2,333.48,28
6,1016.14,36
2,752.6,135
2,610.59,219
1,491.86,28
4,2883.54,24
2,729.8,5
1,339.6,200
1,216.9,18
1,350.75,240
3,668.4300000000001,71
12,3107.87,16
7,1341.6,2
2,1080.52,95
1,300.04,162
4,744.25,95
5,1647.26,53
1,296.25,288
6,1175.38,124
1,741.26,287
2,282.6,151
9,2108.06,3
5,2471.7,11
2,659.4100000000001,33
2,286.79,54
2,1070.65,50
1,306.72,218
1,1714.96,63
3,1519.42,70
9,2474.21,2
4,2634.45,64
3,1122.63,33
1,345.0,81
1,178.7,103
2,360.01,7
1,127.84,250
6,908.86,12
11,2462.79,9
1,202.64,75
1,348.79999999999995,4
2,1516.0,127
2,195.55,66
2,688.86,116
1,558.32,309
1,324.8,66
1,277.07,255
7,2588.39,30
2,924.5999999999999,52
1,256.38,63
5,1747.66,5
1,155.05,305
3,1499.01,28
3,814.5,183
3,539.0,42
4,1366.8600000000001,39
2,1579.12,92
2,571.6700000000001,23
1,254.28,29
3,1140.35,301
2,385.64,144
2,632.0,5
2,957.66,18
5,1698.94,32
1,189.5,176
3,409.8,57
1,209.49,22
5,1790.4499999999998,16
1,52.2,19
1,383.85,159
4,834.57,25
2,266.59000000000003,211
3,444.16,5
1,85.0,252
8,3075.05,58
1,361.62,11
1,312.98,64
2,453.66,24
2,935.0,92
2,1537.95,51
1,1595.48,129
3,2651.46,95
1,1090.1399999999999,57
3,388.5,168
1,216.17000000000002,57
1,201.16,326
5,1245.9,1
8,2209.36,18
1,305.78,247
4,501.56,58
1,145.67,74
3,1005.09,31
2,3192.54,7
3,2760.03,123
8,2770.94,2
3,389.6,119
5,1786.79,53
1,122.7,63
1,117.24,86
1,1271.57,54
12,3121.97,21
5,1191.13,2
5,2674.48,10
5,787.6,7
2,506.8,189
1,243.56,71
1,349.55,204
2,595.67,119
1,416.90000000000003,92
9,1693.46,1
4,632.97,26
1,821.1,297
3,564.62,23
4,2593.07,28
1,311.16,50
1,155.93,325
2,388.52,16
3,740.95,183
5,2867.2000000000003,72
2,332.64,37
4,2369.55,79
9,2580.91,57
2,626.45,11
2,272.04,49
2,1212.8400000000001,49
2,384.81,59
1,351.13,53
6,1838.8500000000001,1
4,678.25,92
1,223.85000000000002,23
1,348.99,74
4,464.57,10
2,842.65,169
2,337.34,57
2,1237.53,95
1,307.4,294
2,608.79,109
1,922.1,263
1,376.58,179
1,158.85,169
1,71.66,35
3,568.55,23
4,839.14,17
3,561.57,79
1,90.60000000000001,65
6,2427.32,2
4,745.0600000000001,11
3,674.45,176
2,3251.071,217
6,3015.68,7
2,439.92,1
2,322.96,154
5,1019.27,5
2,379.3,79
2,230.22,21
2,169.54999999999998,21
3,513.24,308
1,80.7,145
8,2758.26,18
2,190.25,70
1,264.7,287
1,413.59000000000003,49
6,2461.2400000000002,31
1,357.98,206
2,196.79,14
1,869.87,73
1,200.14,60
3,1443.21,39
11,2274.07,29
4,765.71,26
1,320.46,17
2,1266.08,65
1,311.3,213
6,852.88,12
1,76.8,30
9,3466.36,42
6,2274.14,3
5,1393.69,15
1,635.66,211
2,1741.8400000000001,45
2,529.73,134
5,2874.72,9
3,962.19,115
2,695.61,198
1,328.8,277
3,473.02,110
1,505.18,77
1,917.34,52
3,1421.6100000000001,46
2,642.8,16
3,631.9,155
1,440.0,225
2,584.07,7
2,327.7,121
1,104.82,60
2,467.66,63
6,1682.34,18
9,2356.17,2
3,648.89,22
5,1428.02,28
1,626.65,284
1,35.400000000000006,176
3,1560.38,78
1,152.2,33
12,3560.32,40
1,141.41,266
4,646.42,26
3,1333.35,109
1,154.99,284
4,1021.69,8
1,409.93,305
2,746.36,31
1,225.35999999999999,19
2,260.25,124
1,92.46000000000001,65
1,725.6400000000001,106
1,183.6,266
5,1334.34,29
1,152.55,266
2,374.7,63
1,265.85,320
8,1437.57,3
1,151.04,32
3,942.26,4
1,118.67,129
5,499.42,40
5,913.1299999999999,101
1,375.1,124
1,45.599999999999994,32
1,498.1,302
6,558.54,4
15,3255.8,2
1,191.47,2
1,158.75,56
1,76.32000000000001,324
12,3475.1800000000003,7
1,433.86,12
1,147.35,36
10,2720.65,16
1,191.95,137
5,1105.8799999999999,5
2,216.21,154
1,1266.23,239
6,2339.9900000000002,51
2,597.91,30
1,144.2,72
4,692.85,14
7,2915.15,22
3,1406.92,3
2,386.53,273
5,1382.74,19
1,90.0,143
4,2780.15,3
1,419.58,84
3,2720.63,10
3,706.1300000000001,7
3,709.71,122
2,637.5,60
5,1123.8600000000001,1
1,480.91,319
3,605.64,129
2,965.88,1
1,415.82,46
2,935.05,3
4,915.13,2
1,115.8,133
4,2949.57,8
2,483.4,78
1,157.2,233
1,446.62,220
1,352.46,35
2,621.29,75
2,1345.62,239
1,118.75,266
2,424.89000000000004,19
1,507.65999999999997,40
2,814.47,215
2,289.36,173
4,2445.91,87
2,1631.77,70
1,120.44,275
4,562.59,39
1,363.79,98
4,450.84,10
1,134.46,33
3,3222.3,59
3,417.35,297
4,549.46,86
7,1600.26,8
2,701.57,40
1,452.89,66
1,197.65,331
6,2054.36,30
2,853.39,67
2,1012.0,201
1,335.52,106
4,701.4,18
1,185.39999999999998,218
6,680.2,60
1,150.61,2
2,466.7,16
1,328.15999999999997,239
1,151.74,94
6,2073.43,10
5,1600.89,105
9,2241.1,53
1,1070.48,89
5,1004.38,30
5,1623.72,11
4,1839.3,3
16,1886.68,1
1,169.48000000000002,42
1,89.94,4
1,319.42,247
9,3432.8,42
1,683.17,177
3,991.13,92
4,1009.73,110
5,2214.79,28
10,3350.96,26
3,1547.2,51
3,925.71,183
5,2048.07,42
4,1462.72,49
4,754.12,22
5,3144.86,75
1,301.56,80
1,146.85,326
11,2380.85,43
2,890.34,30
1,213.70000000000002,183
2,280.55,234
8,2116.77,8
2,1693.45,219
3,1474.06,110
1,136.77,278
1,302.58,318
3,1904.05,7
5,2879.7000000000003,1
1,445.20000000000005,260
5,3099.7200000000003,64
1,120.0,141
2,1163.45,50
8,2618.23,8
2,333.97,154
2,530.18,109
3,1516.24,162
1,492.65000000000003,331
1,112.32000000000001,225
2,437.96,73
4,559.97,51
3,1119.74,98
1,134.04,196
14,3130.44,3
2,595.25,30
4,1910.01,21
3,176.63,8
1,426.6,213
6,911.26,8
4,1537.09,11
3,681.64,3
1,166.20000000000002,40
4,1305.33,17
8,3536.38,8
1,43.2,18
1,640.14,117
1,383.45,222
3,1858.96,71
2,2093.32,51
5,2212.61,88
8,2204.78,8
1,310.26,242
6,1611.5900000000001,46
1,120.0,106
6,2481.13,44
1,508.58,64
2,477.79,206
5,1530.75,10
2,605.0600000000001,114
1,183.85,242
1,311.65000000000003,163
2,462.66,124
3,840.21,22
1,415.2,67
7,2232.06,16
2,454.86,16
4,1614.91,16
2,588.22,161
1,309.52000000000004,242
1,134.7,218
8,2166.98,45
4,668.5600000000001,21
5,534.28,127
1,108.98,38
2,1021.58,120
1,409.57,260
1,133.5,10
1,282.93,274
1,51.0,164
4,1078.96,157
1,90.6,215
2,163.62,5
2,701.23,79
1,225.12,43
3,912.1800000000001,19
4,2118.03,31
1,151.5,22
1,155.0,319
1,100.5,295
1,235.56,185
2,617.05,191
2,348.1,44
1,202.68,52
1,615.49,26
3,1247.69,38
3,202.10999999999999,9
1,142.4,296
3,1727.6,32
7,2900.04,10
2,1043.46,65
1,67.95,218
8,3171.23,2
1,377.64,65
19,2612.96,2
1,574.7,149
4,1475.81,130
5,1320.09,33
1,156.75,119
6,2157.73,107
7,2599.03,10
4,1730.65,71
9,1100.27,92
1,1063.0,310
2,770.03,42
6,1279.78,91
2,490.22,22
3,1937.25,3
5,927.69,10
1,387.52,99
2,813.11,57
1,265.2,218
1,322.08,17
2,363.34000000000003,50
5,1224.06,7
1,470.36,302
6,2248.5,9
6,1372.8,21
1,89.06,98
1,131.9,306
1,2661.24,319
4,1700.98,8
4,1712.89,0
2,1589.82,204
3,1116.7,53
4,1010.35,0
5,1163.23,18
1,273.0,9
3,675.56,18
3,483.25,180
2,643.9,60
2,259.05,10
1,119.93,190
9,3017.28,5
1,113.64,310
1,1837.92,155
3,434.34,110
3,2103.06,148
11,1980.57,66
3,529.62,98
3,1038.44,246
6,1892.65,29
4,596.26,17
2,461.19,11
7,1606.29,103
2,234.34,74
1,547.66,46
3,925.85,71
1,193.0,257
4,1309.6,19
1,141.85,253
1,279.05,11
2,636.51,164
6,2022.81,18
1,137.1,281
1,321.92,50
1,162.8,38
5,1040.38,26
1,1064.28,67
1,463.38,207
1,213.73,175
5,2383.2400000000002,7
1,139.56,25
2,123.80000000000001,50
1,234.47,311
1,475.37,309
4,1791.1,42
3,808.44,26
3,356.85,88
2,251.21,183
11,2429.83,19
6,3543.26,3
4,673.26,47
4,1703.65,17
6,1367.88,23
2,268.05,22
5,1314.81,11
2,275.28,187
3,455.59000000000003,100
3,990.2,61
6,2076.89,17
2,330.45,33
1,174.37,64
2,270.6,1
4,974.54,24
1,241.09,108
8,1568.38,31
1,364.21999999999997,37
3,578.61,60
6,2862.11,25
3,710.25,236
6,1516.22,24
3,2854.84,60
1,170.95,259
1,355.56,57
2,388.25,64
2,537.48,15
3,952.66,9
8,1453.35,58
1,103.25,185
15,3345.33,28
1,902.53,24
5,2573.93,5
2,652.8,150
1,289.24,311
2,757.37,10
2,186.23,18
1,164.22,151
5,859.27,19
4,2279.4900000000002,10
2,312.54,57
1,788.38,85
21,1829.6,7
3,1080.76,75
3,1931.71,95
1,1432.0,110
2,1530.3600000000001,56
1,227.39,1
2,218.06,280
7,2804.54,3
8,1237.82,179
3,512.8100000000001,12
1,168.63,3
1,138.6,16
1,114.11,40
5,986.96,5
4,1033.06,169
1,157.05,50
1,237.35999999999999,276
9,1580.29,18
4,1320.21,15
3,557.94,35
3,617.15,21
1,108.33,7
6,1740.6000000000001,19
2,866.24,11
1,221.97,44
1,393.33000000000004,305
1,213.96,10
1,660.0,274
3,1581.15,4
4,601.56,72
3,406.08000000000004,242
3,553.44,9
1,394.44,245
2,412.78000000000003,205
4,1482.66,1
1,320.58000000000004,184
5,886.7,32
2,225.85,57
1,314.1,196
4,2791.27,23
2,671.96,91
2,955.26,4
3,1006.98,50
1,114.56,262
1,344.90000000000003,266
2,609.85,36
1,443.6,50
5,2307.95,52
6,2107.38,24
1,110.46000000000001,21
1,96.12,58
1,335.87,170
2,830.76,67
2,597.09,156
1,236.04000000000002,201
4,1402.59,4
2,653.75,67
1,114.18,77
7,1926.65,1
4,1932.23,8
2,291.05,169
4,848.22,17
2,247.15,5
9,2529.93,8
2,285.74,86
1,107.95,26
4,741.37,28
2,636.24,19
5,1835.7,60
1,195.25,24
3,1259.24,241
2,392.86,280
2,765.5500000000001,234
4,1362.91,3
1,596.36,16
6,2548.2400000000002,31
3,498.95,71
2,52.0,187
4,1033.15,25
1,628.38,106
1,112.80000000000001,208
2,355.05,44
5,2114.33,30
4,591.55,137
1,172.9,264
6,1784.33,4
2,188.61,218
5,1217.27,1
1,109.13000000000001,214
3,2195.1,32
9,2526.09,10
16,2941.34,1
1,318.17,14
9,1493.96,11
1,179.0,198
2,707.3100000000001,2
4,599.48,14
11,2839.62,10
3,917.07,29
9,2236.35,9
1,160.19,24
4,867.38,24
2,307.51,43
5,1581.84,1
3,663.81,5
1,180.42,147
3,666.71,10
1,655.58,24
1,268.58,274
8,1897.57,1
3,380.02,47
8,2702.4900000000002,8
2,730.55,3
7,1314.45,42
6,3188.4,4
3,1448.21,197
4,905.04,11
6,874.98,16
5,1220.26,112
1,328.2,249
3,945.33,29
1,389.64000000000004,43
1,563.15,87
2,638.05,44
1,738.96,15
1,420.5,75
4,1484.06,144
3,1625.97,4
1,89.2,297
2,255.9,58
1,300.52,263
1,278.3,46
3,254.11,29
5,2292.97,8
2,192.60000000000002,17
2,876.4200000000001,232
1,139.26,112
2,605.34,58
11,2538.2999999999997,51
2,730.86,127
3,386.15,280
2,447.68,54
1,200.10000000000002,319
2,289.99,26
2,77.4,10
2,679.44,7
1,197.64,28
4,745.06,16
1,6.2,63
1,228.99,21
7,1319.91,2
1,131.45000000000002,166
3,173.74,52
1,157.7,51
10,3111.94,47
1,189.34,61
3,845.5500000000001,162
1,353.27,8
4,546.4,15
1,193.39000000000001,75
8,2718.6,39
10,1907.44,40
2,778.5,36
1,271.85,197
2,1110.34,200
3,657.8,73
2,272.07,64
4,507.29,21
3,321.43,180
4,1127.71,10
10,1824.5800000000002,3
3,2139.76,196
2,312.22,29
1,188.88,53
6,1720.3,17
3,102.45,10
4,1649.5,89
1,62.85,267
5,2900.6,53
4,2824.69,43
4,3189.81,63
1,309.40000000000003,148
1,325.75,311
2,511.35,23
6,2836.69,58
2,475.8,24
7,2740.03,78
2,645.65,119
3,1290.53,36
2,1173.1200000000001,59
4,1353.74,12
1,170.32,19
1,125.79,52
2,841.2,25
1,266.76,29
1,15.0,7
3,710.28,185
8,2953.59,3
2,721.45,8
1,327.25,261
3,380.33,3
1,519.68,210
2,1465.32,107
8,1154.08,12
3,690.59,77
1,255.4,19
2,589.7,26
6,761.59,18
1,765.3199999999999,131
1,364.8,252
1,1862.0,79
1,369.2,207
1,135.9,336
1,125.65,253
2,554.38,148
2,1237.8500000000001,9
1,655.75,85
1,211.55,204
4,1366.38,7
5,1170.81,23
6,924.24,11
1,332.66,25
5,2795.33,21
2,1025.44,2
2,616.15,157
4,2540.4100000000003,3
1,277.8,74
4,434.35,2
2,867.85,16
3,926.5600000000001,35
2,307.48,91
4,1268.98,70
2,1610.15,115
2,977.77,212
2,1316.07,30
1,749.1,50
1,310.05,245
1,223.88,32
3,2362.96,108
5,1257.68,4
2,1890.94,81
1,1784.71,297
3,1621.88,56
1,100.9,14
2,290.82,72
6,1101.97,23
1,371.2,19
1,311.69,79
1,285.67,25
1,294.85,12
1,58.49,253
3,483.73,147
4,695.42,64
2,221.27,8
1,126.7,270
5,1472.34,9
1,206.21,247
2,596.09,96
1,183.02,14
1,463.8,49
1,147.59,30
4,1592.06,68
3,1097.98,35
1,114.77,128
3,1314.45,107
1,89.94,37
1,279.94,57
7,790.86,57
5,1921.3700000000001,72
1,102.12,246
2,202.37,19
1,172.24,198
1,163.2,15
1,334.54,211
2,231.98000000000002,38
3,546.1999999999999,46
2,414.87,170
1,490.52,47
3,1010.11,115
1,1220.77,147
1,480.38,51
1,156.91,159
3,1259.43,12
1,308.94,35
1,216.48,53
2,257.67,43
1,170.04,172
1,125.58,33
2,384.96,38
1,252.81,266
8,1673.68,8
4,852.39,11
8,1145.21,9
1,361.96,33
3,469.0,80
4,1066.15,30
3,441.16,8
2,518.28,71
4,653.19,4
1,2188.5,256
10,2557.18,4
7,3453.76,15
1,252.73000000000002,89
3,429.56,72
5,566.86,58
1,179.93,170
1,135.93,199
1,537.0,31
2,735.66,151
1,343.62,269
3,282.3,65
1,121.17000000000002,273
3,1737.69,25
3,1383.36,23
1,207.73000000000002,319
3,693.95,4
2,302.1,12
2,1489.5,275
11,2102.54,25
9,1337.72,40
4,294.25,8
3,778.78,71
1,370.79999999999995,213
4,3158.13,37
1,893.59,53
3,1744.76,78
2,553.36,46
1,1109.53,179
2,982.07,93
3,1043.41,9
1,735.67,105
1,773.03,77
1,880.85,172
3,753.6600000000001,212
4,393.65000000000003,22
1,88.2,256
1,306.94,281
2,1160.07,21
6,2420.84,10
1,381.32,308
1,480.71,67
2,457.81,215
4,1370.6000000000001,103
1,219.39000000000001,42
1,248.08,4
1,410.48,84
1,175.2,333
1,215.25,8
2,703.36,31
2,993.54,196
7,2298.93,18
5,1422.52,17
4,142.45,311
4,1300.25,141
1,484.95,245
4,996.1,23
2,1278.98,29
3,3509.43,9
10,2760.56,30
1,340.11,18
4,1352.75,17
5,1551.78,14
1,244.8,134
1,266.4,245
1,358.82,133
2,457.72,50
3,1633.78,114
2,2199.31,7
2,184.19,22
1,406.53000000000003,65
4,1471.0,60
11,3447.4,50
1,330.11,169
5,977.9300000000001,18
3,982.42,127
8,1387.99,14
1,139.05,239
4,1286.7,2
2,178.96,239
7,2354.25,52
1,498.74,46
1,259.45,225
4,1194.73,4
2,1327.16,164
1,623.5,240
1,301.29,10
1,520.8000000000001,133
1,329.25,31
1,254.28,75
3,961.49,1
2,850.61,3
1,401.40000000000003,45
2,304.47,18
3,824.58,68
1,158.8,320
1,106.56,25
1,1289.5,331
5,1624.05,8
1,135.75,322
1,224.14,71
1,40.5,260
5,2206.9500000000003,18
3,689.48,66
2,622.85,154
2,402.2,29
1,310.62,70
2,411.41,14
2,729.32,119
1,499.32,60
2,523.11,10
2,193.64,92
4,1268.7,59
5,1236.54,87
6,1827.8,25
2,653.24,85
4,420.3,10
4,804.72,1
1,331.18,225
1,511.34000000000003,60
1,101.8,241
2,328.35,318
8,1661.44,1
3,734.94,46
1,96.6,87
1,305.75,176
6,1778.96,51
1,585.0,318
2,755.75,225
1,409.40000000000003,234
1,154.41,310
5,1219.4,36
4,3386.71,66
2,429.6,239
2,612.06,113
1,197.0,276
9,1552.8700000000001,217
1,321.05,298
4,1412.32,1
3,1071.99,29
2,780.59,10
5,1706.57,44
8,1756.44,66
1,316.68,74
2,631.57,65
3,2515.84,134
1,328.15,238
1,356.0,122
2,740.78,36
5,918.2,16
1,300.36,127
1,890.85,66
1,98.45,148
1,317.15,283
2,623.16,168
5,1390.27,100
1,254.82,135
1,178.95000000000002,323
1,156.51,106
1,393.74,64
2,1506.1200000000001,151
1,119.3,338
5,1717.36,22
1,408.8,23
7,2379.49,15
14,2381.59,7
2,721.94,57
2,716.57,4
1,615.14,37
1,128.63,66
1,255.89999999999998,46
1,113.12,172
9,2332.15,58
1,240.55,49
2,486.69,22
4,2140.87,43
3,939.78,29
1,178.39,201
3,641.94,10
4,2672.0,67
1,496.44,64
1,574.02,290
7,571.25,60
3,1174.3500000000001,64
1,205.3,95
1,310.47,274
3,635.11,75
1,52.0,110
1,327.97,199
2,570.5,64
1,165.0,326
1,312.62,3
1,204.5,283
1,267.13,44
3,2748.31,70
1,679.68,85
1,161.74,103
1,311.71,333
1,208.75,52
3,1049.7,39
2,714.9599999999999,32
1,1028.56,208
3,350.82,156
1,170.22,53
2,574.07,66
1,2020.52,80
1,406.09000000000003,129
1,364.5,87
3,563.94,0
1,393.54,45
1,252.42000000000002,332
1,158.04,72
2,463.91,158
6,1659.99,12
1,458.47,254
2,277.05,29
8,2379.11,31
1,427.93,39
2,913.19,95
7,2314.32,25
1,496.97,75
4,1877.5900000000001,57
1,446.94000000000005,21
7,2386.05,40
1,2007.4,137
10,1878.81,8
1,168.0,128
3,1221.56,40
6,2211.83,169
4,1460.1599999999999,8
2,596.85,213
1,338.84,169
1,316.88,40
1,394.14,186
1,140.54,270
1,500.0,172
3,1196.55,4
2,231.86,16
3,1595.88,9
1,107.45,325
1,288.18,112
1,94.0,289
2,1345.53,16
3,815.77,1
5,716.2,92
2,626.77,148
1,349.1,189
2,510.71000000000004,31
4,1046.74,33
1,267.18,264
8,3450.84,84
4,1348.93,26
1,190.53,171
3,774.9000000000001,9
1,559.61,313
1,508.8,85
1,135.86,24
4,950.36,58
2,97.7,323
1,43.5,38
2,383.34,254
4,1021.5,19
3,1430.54,33
1,93.78,15
2,397.35,26
1,171.19000000000003,23
2,533.3,213
5,1041.48,8
1,149.29,22
3,1067.75,12
1,200.16,262
1,156.57999999999998,131
3,383.68,54
1,594.0,248
7,3213.59,1
2,1411.21,9
1,113.5,264
1,155.17000000000002,330
1,494.64,312
3,974.52,26
1,429.84,30
3,528.48,29
7,1371.77,1
2,203.37,283
1,237.07,262
1,161.64,25
3,234.6,94
1,126.14,29
1,1044.65,338
1,334.53,85
3,524.88,9
2,467.51,51
2,538.55,50
1,454.48,2
1,371.56,113
7,1771.2,14
1,454.11,77
2,1399.92,40
1,905.5,116
4,225.26,161
2,1624.91,30
1,91.32000000000001,92
3,1134.28,22
6,3100.09,95
2,659.46,28
5,1953.41,32
2,1280.58,21
2,1262.2,17
4,1131.56,8
1,52.83,81
3,972.08,22
1,475.86,171
6,1000.27,189
1,250.0,330
5,900.53,11
1,19.8,155
7,2199.01,12
3,62.43,44
1,267.03,233
8,1921.55,64
1,343.5,1
8,3000.2,40
2,397.99,32
1,412.01000000000005,84
1,440.0,24
2,459.44,2
2,148.44,33
7,2207.13,18
1,229.33,254
4,1497.31,21
2,1972.39,8
3,1210.93,25
3,807.57,19
4,502.9,173
1,110.92,163
1,538.46,7
1,213.3,11
1,85.13000000000001,114
1,127.86,288
8,3192.17,9
1,153.64000000000001,54
3,1681.46,77
4,575.63,4
1,436.06,36
1,90.12,217
1,428.93,60
1,217.2,277
1,279.77,24
1,468.91,28
4,800.5899999999999,11
3,1130.25,22
2,173.16000000000003,50
1,186.01,18
3,758.29,2
5,1375.71,103
9,3100.88,7
4,650.4300000000001,11
7,2533.42,4
2,591.1899999999999,31
1,112.1,177
1,921.37,37
3,258.88,151
1,127.1,162
2,327.6,68
9,3351.91,120
3,682.9100000000001,24
4,720.86,23
1,455.3,176
3,568.8,50
3,478.53,255
1,388.58,46
1,199.8,70
5,1771.78,15
4,1004.27,100
1,324.57,35
1,240.68,53
2,761.74,26
7,1145.32,8
1,48.480000000000004,78
1,216.39000000000001,52
4,1003.38,36
9,2920.16,61
1,104.76,336
4,1093.68,28
1,298.48,184
1,112.46000000000001,51
13,1591.45,9
2,195.15,36
4,776.851,32
1,336.4,10
2,1128.69,56
4,1293.03,4
1,301.03000000000003,141
4,588.13,116
4,1534.26,103
2,675.8,74
8,2551.06,4
2,1186.35,45
8,3285.31,15
1,243.55,17
2,724.76,89
1,223.36,52
1,425.32,134
3,1578.83,105
3,664.0,191
4,803.54,166
1,612.01,18
2,257.84000000000003,157
2,639.5,204
1,306.0,336
3,646.3,36
1,337.74,91
2,877.44,92
2,922.53,9
1,560.6700000000001,243
4,748.5,45
1,30.0,22
4,717.9,190
1,306.45,43
8,1391.56,25
2,309.8,317
1,138.14,106
1,386.43,50
2,2222.21,168
1,301.32000000000005,39
1,76.32000000000001,217
4,684.34,40
1,173.05,296
7,2657.13,18
4,2726.23,88
5,2446.6,73
3,323.69,81
3,3435.76,18
1,657.23,49
1,352.7,52
4,781.28,24
2,854.79,9
5,1426.16,25
1,193.75,117
9,2993.1,8
1,150.6,119
2,239.76,4
1,136.8,252
1,191.04,28
2,409.98,266
8,2711.11,33
1,309.65,17
2,696.68,172
4,1529.0,2
1,211.5,264
4,2293.62,140
1,143.1,201
4,1060.56,63
4,916.98,35
6,2917.96,40
1,133.25,283
5,1072.3600000000001,9
1,185.55,143
2,330.03000000000003,11
3,571.71,145
1,150.3,234
1,598.73,24
1,471.40000000000003,11
5,2211.21,35
2,218.25,201
1,415.25,15
1,85.0,212
3,1120.88,65
1,156.02,212
1,162.3,282
2,1339.45,114
8,1188.1200000000001,14
1,449.12,66
1,154.88,49
4,775.96,16
1,34.8,77
4,1094.5900000000001,19
1,196.88,134
3,946.64,12
1,144.36,40
6,2122.53,2
6,2366.95,39
1,79.2,304
3,458.57,51
6,2364.25,10
4,528.01,61
2,714.42,65
1,205.25,24
2,155.8,218
2,583.75,65
2,1086.92,31
6,3279.9700000000003,88
1,315.06,64
3,621.83,115
1,635.6800000000001,5
1,270.8,68
1,104.9,245
1,241.62,133
3,681.5600000000001,241
2,298.13,183
3,345.46000000000004,25
3,2614.74,9
1,246.3,10
5,2328.9700000000003,32
3,933.26,26
1,218.75,10
2,1612.69,43
3,965.61,14
1,610.01,149
8,2708.61,1
4,2207.4,113
3,884.14,75
2,696.89,107
3,1063.95,46
1,451.42,142
1,415.82000000000005,51
3,784.58,46
3,903.9,50
2,1469.82,306
5,515.77,36
4,1391.98,78
4,1779.82,22
5,1801.14,107
2,1303.9099999999999,207
4,1945.3300000000002,16
5,2100.6,63
4,1905.45,49
1,206.98,319
2,570.96,44
1,445.27,3
1,532.94,172
3,1654.31,56
12,1645.16,73
2,636.14,99
1,576.0,37
3,794.64,58
1,836.79,254
4,2225.15,70
4,954.09,44
1,137.37,50
1,391.98,64
3,1048.49,33
2,355.56,58
4,1224.06,72
1,118.95,303
1,130.73999999999998,46
2,389.27,38
2,234.88,19
2,160.71,186
1,110.8,51
11,2739.02,4
5,712.24,136
1,297.0,18
4,1043.64,15
7,862.5,40
8,3146.92,12
3,478.65000000000003,8
2,68.84,25
6,1936.32,22
3,895.13,40
1,211.89,101
12,3254.17,5
2,149.64,277
1,351.44,32
2,316.25,14
2,490.33,1
3,346.14,312
2,145.04000000000002,198
2,396.48,2
3,379.35,92
1,181.09,60
1,168.31,80
1,148.0,156
1,511.68,226
1,106.81,253
1,179.17,149
2,208.59,194
3,867.19,1
1,337.28000000000003,23
3,351.73,16
1,164.68,8
7,1567.69,19
3,882.72,3
1,191.94,173
8,1228.88,0
2,264.62,178
6,1270.41,16
1,123.1,247
2,334.23,190
1,311.61,19
4,167.5,154
1,323.03000000000003,172
1,207.15,194
1,426.63,67
8,2495.87,4
3,1107.46,21
2,416.86,239
1,145.35000000000002,64
5,404.58000000000004,112
1,35.8,311
1,337.44,133
1,325.1,276
1,1708.24,82
2,955.24,8
2,364.72,16
3,1315.89,31
2,708.22,8
4,781.91,33
7,1449.54,15
1,428.89,31
1,104.35,74
2,470.76,19
3,652.68,17
2,397.68,23
3,666.1,2
1,314.09999999999997,303
7,3442.15,39
1,371.01,84
2,427.64,165
2,1054.73,17
1,1098.78,77
3,2398.86,88
8,3408.48,24
1,326.75,22
9,2657.93,2
2,1142.42,123
1,168.12,30
6,1319.29,12
1,156.78,19
2,792.11,44
1,41.989999999999995,3
7,2777.67,8
1,414.27,54
5,769.33,88
4,2216.83,36
4,1554.3700000000001,29
4,578.71,12
1,101.4,211
4,1693.81,47
3,478.78,23
4,972.11,22
2,282.3,245
14,2954.36,8
3,1415.29,35
3,646.83,37
3,704.55,3
7,1102.49,3
1,211.88,47
2,408.9,39
8,3567.14,46
3,851.01,16
1,602.63,260
3,719.81,46
1,251.03,12
1,439.65999999999997,29
1,236.09,43
6,934.62,91
1,331.24,309
2,547.9,92
3,437.70000000000005,196
2,758.9200000000001,87
2,554.5600000000001,269
3,471.78,7
3,1313.55,65
3,3166.4,30
5,1177.47,22
4,773.99,37
4,1340.7,119
3,1074.81,40
1,137.9,173
1,362.06,54
2,1511.95,32
1,783.9,145
1,134.8,220
1,650.75,45
7,2263.12,16
5,1334.91,65
3,906.06,9
1,335.32,260
5,1521.04,16
2,852.15,22
1,326.24,44
1,584.3199999999999,288
1,122.4,297
10,2234.73,3
1,79.2,283
3,1352.0,16
2,217.16,81
4,2641.82,56
1,979.64,100
1,436.18,299
5,981.51,23
4,944.13,59
2,315.06,154
3,817.86,114
1,17.0,106
4,1078.23,11
1,320.62,264
1,185.04999999999998,240
6,1575.03,87
3,731.9,50
1,1290.7,70
3,1842.14,42
6,1429.64,7
1,298.21,61
1,336.96,248
1,108.38,65
7,3204.1600000000003,17
1,842.5,84
2,611.88,218
3,1320.95,45
4,195.74,143
1,161.38,183
1,135.75000000000003,170
8,1660.8799999999999,9
1,612.78,211
1,232.21,189
2,423.36,8
4,1309.14,59
2,854.66,57
3,578.7,73
1,307.78000000000003,51
1,249.0,317
1,656.25,39
5,1880.22,17
6,3506.54,51
1,334.56,21
1,517.55,262
3,709.38,59
3,635.4100000000001,18
1,601.04,65
1,620.4,88
1,535.34,249
4,1613.5900000000001,3
1,175.2,246
10,3496.71,8
3,734.13,157
1,375.0,133
1,76.32000000000001,296
2,280.52,4
4,1659.6,42
1,1829.04,268
4,1609.22,49
9,3092.04,8
3,656.69,15
1,348.2,281
2,1025.44,65
1,37.4,252
1,415.00000000000006,232
3,822.48,17
26,3511.8,10
4,1822.97,8
6,1885.05,50
1,73.19999999999999,59
5,1140.21,95
6,1418.32,15
3,1009.55,126
4,1037.5900000000001,94
1,331.95,50
1,197.9,138
1,215.83,60
1,305.54,73
1,338.71000000000004,67
6,1158.79,64
2,529.41,16
4,981.86,44
2,215.48,15
1,215.08,40
1,314.45,236
1,400.68100000000004,75
2,1068.8700000000001,4
4,1863.47,3
3,422.2,58
1,384.18,23
4,757.63,30
4,537.0600000000001,54
1,394.38,25
2,664.26,44
5,2262.62,88
1,547.02,88
2,690.34,19
1,159.0,78
3,1062.75,170
1,242.35,80
1,914.9300000000001,267
2,304.25,235
6,2613.38,29
2,694.12,36
1,773.55,318
4,1295.3,57
5,1096.32,44
3,255.12,203
1,314.22,225
2,1010.6,87
2,542.03,189
4,990.88,43
2,389.28000000000003,71
5,867.3100000000001,40
1,432.2,78
2,414.2,56
12,2312.66,9
2,409.1,33
1,466.12,211
3,1413.66,23
1,114.56,170
1,152.94,61
5,1800.07,52
1,163.3,261
7,2245.66,16
1,752.4300000000001,266
1,46.95,176
1,1035.45,50
4,728.54,17
7,861.89,73
2,667.65,71
4,1271.42,2
1,411.7,116
1,559.87,196
1,810.6,176
1,566.38,100
3,1502.78,21
1,2062.06,72
1,168.3,339
5,1570.81,5
2,812.68,31
1,142.5,169
1,302.25,121
9,1870.24,21
4,1328.55,9
1,301.9,268
3,598.2,22
1,233.22,126
1,361.22,138
5,564.17,213
4,2560.0,37
2,706.57,106
2,616.26,17
2,274.15000000000003,3
1,226.37,330
7,2630.69,64
3,1341.65,119
1,328.15000000000003,35
1,404.40000000000003,217
2,1038.46,172
5,373.65000000000003,72
2,326.75,1
1,207.50000000000003,196
3,408.59000000000003,128
3,594.24,46
14,3039.2200000000003,5
5,3284.67,14
3,251.91,17
7,1582.8,28
1,151.05,36
1,214.8,157
1,94.05,284
1,534.31,107
4,1971.8700000000001,24
4,322.41,75
2,328.58,16
1,101.10000000000001,158
1,565.46,44
2,847.45,11
7,1415.65,32
1,53.5,290
4,1116.47,21
1,153.9,332
2,494.44,17
2,395.8,63
3,211.77,197
3,658.88,33
4,2027.5,1
9,1750.92,7
6,3450.41,4
4,891.21,9
5,709.99,32
1,109.36000000000001,53
2,705.79,11
7,1171.96,17
1,327.3,18
1,633.58,37
2,479.91,2
3,1545.41,18
4,1301.91,82
2,355.73,33
2,466.73,66
2,974.96,8
1,676.2,267
3,362.95,247
4,2157.4,4
1,1743.1499999999999,61
2,643.76,74
2,584.5,89
2,407.66,60
2,302.57,28
1,94.36,322
4,1382.0700000000002,53
1,217.89000000000001,269
11,2749.41,2
5,1555.34,56
5,1482.06,60
2,1705.8,154
2,408.02,19
1,303.93,94
1,87.8,264
1,177.5,312
1,443.05,70
2,167.25,302
1,154.35,18
10,2079.68,12
5,2022.98,36
1,83.15,19
1,135.99,53
1,262.2,56
2,126.25,21
1,200.27,44
3,1051.4,26
3,631.12,44
6,958.71,112
1,346.12,24
1,133.56,191
1,302.7,302
10,1863.76,2
2,241.06,263
1,284.55,106
1,300.85,57
3,623.28,213
1,287.40000000000003,64
1,184.26,28
7,1511.8,29
5,798.35,5
2,381.2,67
2,462.24,1
4,654.67,46
1,230.51,33
1,255.91,135
1,182.99,198
2,707.69,197
1,311.92,149
1,266.97,87
2,6.9,44
4,1309.2,63
4,1370.78,99
1,208.36,218
17,3288.84,2
3,811.23,28
1,142.92,177
3,136.0,73
4,1422.4,21
3,1298.66,19
7,1595.96,33
1,74.9,74
4,625.42,23
3,536.4300000000001,51
1,223.95000000000002,274
3,316.11,164
7,1810.65,7
4,544.3,88
5,1950.06,63
3,331.0,25
2,300.83,10
1,769.29,75
1,220.62,15
1,139.35,192
2,404.3,173
1,363.65,77
3,498.8,33
1,731.5,46
4,1351.63,79
1,826.53,296
3,648.26,3
3,1599.52,8
6,2965.69,49
2,100.97,161
6,400.86,4
3,943.84,106
1,465.88,25
1,777.6,31
2,90.30000000000001,19
1,363.70000000000005,296
3,918.33,21
4,874.59,4
5,1624.14,52
1,101.69999999999999,30
1,162.70000000000002,277
2,484.32,61
1,111.38,25
2,720.8100000000001,186
1,290.36,171
1,228.06,81
1,244.41,3
1,455.25,190
6,1151.77,22
3,1082.81,19
1,593.75,5
1,548.12,110
2,641.56,2
1,119.62,53
1,339.3,164
1,487.75,290
4,1744.31,108
3,922.12,95
1,284.44,242
3,837.1,42
2,285.89,35
6,3002.94,66
2,281.85,24
1,509.23,26
2,511.12,5
1,1077.74,53
5,614.66,15
2,865.6,194
1,124.2,3
3,1421.69,26
3,1009.6,127
2,663.61,84
1,451.44,71
1,105.84,182
1,313.62,113
2,936.08,80
1,463.95,248
1,225.15,232
3,459.24,71
1,213.5,68
3,330.03,50
1,181.09,75
1,360.16,61
1,129.5,15
1,90.04,4
1,145.05,285
6,813.52,4
1,242.7,40
1,528.08,36
2,482.47,74
12,2692.89,17
1,75.66,219
1,129.49,186
4,1187.66,32
1,618.59,70
1,506.19,182
2,500.42,15
1,151.85,235
5,2647.59,31
1,226.21,263
2,178.96,3
4,813.48,51
1,129.45000000000002,245
2,810.57,80
1,333.08,274
1,322.8,79
5,2188.05,29
2,408.63,73
6,2883.1,17
1,53.1,222
4,1154.47,32
8,1609.92,22
3,1257.51,31
1,231.1,105
2,688.33,4
1,487.51,245
2,833.78,177
2,214.06,169
1,290.66,42
1,518.42,71
2,1212.66,16
3,373.87,141
4,874.43,9
1,39.12,189
4,1267.65,16
1,118.98,19
2,567.1800000000001,68
6,306.72,15
3,1348.88,23
3,1692.27,28
2,304.24,54
4,1592.12,33
12,3109.99,2
1,183.7,43
6,1770.3400000000001,72
5,1028.0,4
2,324.24,61
6,2608.75,47
4,1260.8600000000001,1
2,422.6,75
2,225.58,72
2,1276.0,256
2,477.86,68
4,657.9,135
1,112.75,241
2,1998.0,226
3,531.35,37
1,656.63,45
5,3029.87,84
8,1948.07,19
4,1436.83,3
3,1129.06,218
1,301.71999999999997,78
2,901.2,266
5,3535.83,23
6,1339.49,14
1,152.95,26
1,292.47,262
2,576.4,91
4,437.82,302
4,1229.17,26
4,1048.28,46
3,743.11,52
1,603.75,31
3,646.76,52
5,2247.41,78
1,417.6,53
1,3.75,297
1,323.0,176
1,464.9,46
6,1782.85,29
7,1291.91,11
2,836.0600000000001,37
5,1515.9,17
5,623.93,44
1,1764.72,30
1,223.92000000000002,58
3,1475.43,114
1,239.4,214
1,106.83000000000001,318
1,369.34000000000003,65
3,789.79,7
1,316.62,96
3,1207.24,19
1,611.8499999999999,198
13,2790.9500000000003,3
1,34.0,294
2,1145.6,273
3,478.09000000000003,47
1,361.54,260
3,494.90000000000003,57
5,2242.61,33
1,171.59,57
4,661.52,67
10,1459.61,10
1,371.54,60
2,222.62,80
2,245.94,74
2,422.24,100
11,1701.91,10
1,107.6,19
2,594.39,123
1,80.80000000000001,8
6,1545.6200000000001,3
7,1705.78,29
2,110.38,282
1,243.84,57
10,1196.5,1
1,305.62,89
1,1162.65,11
4,1594.23,163
1,332.3,65
3,536.99,23
1,245.82,173
4,762.16,103
3,1121.59,142
2,288.42,99
5,914.69,23
1,309.54,192
2,547.07,4
10,1652.18,8
3,341.28000000000003,103
7,1237.45,2
11,3349.57,10
1,497.61,95
1,358.38,227
2,460.64,15
2,775.18,38
1,341.7,51
2,128.5,93
1,197.22,156
1,325.91,38
3,199.15,184
4,1106.53,1
1,413.46,227
1,99.1,128
2,251.87,39
11,3170.98,31
2,588.85,197
6,1869.82,36
3,1264.19,100
1,214.32,50
1,193.44,43
1,281.42,52
1,124.57,186
1,332.41,333
3,342.45,4
2,144.91,10
2,328.40000000000003,23
1,35.400000000000006,14
2,747.81,144
2,173.76,59
1,338.55,31
3,207.74,140
4,817.12,22
6,2812.34,22
3,680.02,77
5,2095.53,67
6,846.62,12
1,13.3,84
7,1491.43,30
1,432.0,66
3,705.12,66
1,144.45,187
2,429.84,37
2,272.46,15
1,192.32999999999998,35
3,1578.67,194
4,525.17,1
5,518.19,1
1,202.27,64
2,289.78,299
2,388.95,26
5,1100.51,7
3,887.11,16
1,1706.88,116
1,363.2,29
14,3315.05,4
6,2783.2,5
4,559.59,81
4,748.84,29
1,379.14,72
8,1508.96,4
11,2555.58,28
1,113.44,290
1,183.76,36
6,621.6800000000001,9
1,365.98,23
1,391.52,276
6,1068.82,49
9,2052.2400000000002,156
1,154.18,61
3,829.89,21
2,324.95,115
16,2698.45,80
7,1295.39,3
3,378.89,26
1,150.23000000000002,53
2,563.23,1
2,931.03,54
1,261.9,25
4,2711.6800000000003,8
3,3049.88,52
9,1904.99,12
3,816.73,211
1,406.48,235
3,435.02,138
6,1286.27,3
2,1006.56,56
3,1277.75,134
2,167.61,109
1,20.8,30
8,1738.28,0
2,329.57,184
1,308.74,17
2,416.64,239
1,117.35000000000001,87
3,507.05,38
1,234.17000000000002,116
1,110.55000000000001,187
1,201.19,226
7,2154.97,8
1,319.02,189
2,439.43,4
3,650.41,39
1,357.21,38
1,251.51999999999998,267
1,344.33,77
6,1852.0,3
2,1028.46,255
1,384.06,60
6,1742.38,12
2,1873.2,29
7,1616.8,3
1,126.12,5
6,1133.25,7
1,179.0,218
5,1614.31,10
4,1329.42,30
3,702.0,288
4,295.0,149
2,484.82,23
3,1493.73,85
2,1312.1399999999999,46
4,781.78,4
4,682.8100000000001,50
1,195.36,18
1,270.9,30
3,583.4300000000001,8
3,1838.61,28
2,920.1,40
3,899.26,11
1,71.0,31
3,95.85,45
1,196.8,60
1,121.68,185
6,877.5600000000001,78
2,716.0,110
1,146.87,63
2,380.35,11
2,722.34,86
3,745.52,16
2,433.53000000000003,245
1,1267.32,87
1,112.4,30
1,449.73,137
2,766.99,26
5,1036.58,2
4,1735.18,32
1,948.48,25
3,339.44,113
1,642.02,157
3,1100.9,85
3,925.35,117
6,3185.64,96
1,240.89,194
1,399.09,28
1,498.48,130
5,1356.33,28
3,1179.89,81
4,2358.03,29
1,234.24,266
1,102.64,313
7,1461.14,21
3,855.45,58
7,2126.5,28
1,304.24,114
9,2429.03,28
4,1446.09,17
4,834.12,17
2,689.5799999999999,36
2,378.2,36
1,118.80000000000001,78
2,287.62,22
2,288.91,25
2,2003.8500000000001,33
3,1405.78,109
2,2747.9900000000002,35
3,826.21,123
6,2050.08,7
4,1991.01,28
6,1913.45,4
8,3534.31,2
4,1774.03,50
1,302.0,322
3,1324.16,22
4,1022.13,15
7,779.7,2
2,971.74,18
4,1621.73,10
1,25.5,261
2,665.78,159
6,881.29,29
1,163.29999999999998,165
1,231.61,47
8,801.12,5
3,837.5,8
1,116.2,288
1,157.02,317
2,606.91,3
1,307.46,233
1,138.32,119
1,345.3,161
1,294.24,185
1,230.5,50
4,787.5,152
1,157.09,334
5,2463.17,5
2,413.2,106
6,924.15,16
1,380.5,275
1,454.12,247
1,579.0,239
2,984.57,1
2,451.53000000000003,105
4,1714.59,22
1,124.88,51
3,1689.5,194
1,213.78,24
1,329.34,75
2,251.7,17
2,319.0,7
2,853.1800000000001,32
3,1538.88,21
6,3518.03,31
10,1715.46,28
2,293.1,21
7,2467.35,32
1,158.68,284
2,206.34,38
2,835.78,57
1,224.91,289
1,317.76,78
1,59.9,217
4,1443.69,44
1,306.13,201
2,468.79,178
4,783.97,56
1,84.39999999999999,57
6,3347.31,7
2,144.0,46
1,203.95,226
6,1960.5900000000001,11
1,157.18,106
2,444.74,58
4,1583.57,28
7,1699.3,35
1,10.0,273
1,1013.01,29
1,170.56,23
1,289.78000000000003,53
6,3560.08,35
4,1564.56,175
1,384.08,53
1,204.24,53
5,1537.51,26
1,226.85,253
5,2165.38,40
5,888.07,60
1,113.5,234
7,1350.69,4
1,114.23,31
13,2870.05,24
2,334.48,7
1,328.65,65
1,124.05,310
1,393.49,308
5,797.07,18
6,1550.14,15
2,318.76,96
2,878.4,264
9,2892.71,12
2,417.77,2
1,190.88,35
1,149.89,182
1,208.16,25
5,789.85,12
2,314.69,11
15,3349.01,2
1,382.5,312
2,1135.04,108
1,954.9,53
1,171.45000000000002,204
1,280.09000000000003,15
1,318.65,120
2,381.97,3
2,348.90999999999997,116
1,178.26,18
2,271.19,4
2,291.48,40
2,240.0,107
1,213.28,148
4,984.5,52
1,63.440000000000005,208
2,550.01,138
3,296.58,2
2,317.2,127
4,763.64,107
4,2148.63,42
1,107.82,35
2,1065.3500000000001,227
1,246.04000000000002,241
1,187.82999999999998,57
3,1685.46,130
6,1647.48,60
1,151.37,21
5,826.36,26
6,1284.07,9
3,931.02,31
2,513.01,3
1,550.8000000000001,308
8,1507.92,8
3,547.0,28
1,128.18,17
2,498.42,101
4,656.61,11
1,163.24,21
5,1135.63,14
1,82.75,95
2,1384.85,78
3,644.3,138
1,2328.84,31
8,2527.92,24
3,2600.34,46
2,749.7,100
2,657.16,8
7,906.52,15
3,859.43,17
1,96.8,280
2,523.11,14
2,363.9,22
1,175.2,123
1,494.25,85
2,307.02000000000004,302
4,1981.06,151
1,183.36,94
2,265.68,156
1,157.62,46
4,519.6899999999999,15
13,2387.54,3
1,228.96,86
5,1156.6,14
1,98.25,179
4,1281.32,8
3,587.15,36
2,1740.0,129
1,1393.06,50
1,178.22,311
2,384.39,24
1,119.15,303
1,127.86,11
3,568.24,17
3,488.2,49
2,312.23,239
1,167.55,238
8,1878.87,23
4,446.18,72
2,326.26,17
6,970.65,40
4,646.92,40
2,495.77,218
2,290.39,199
2,203.2,70
17,3273.2400000000002,23
1,389.71999999999997,11
1,65.4,65
1,193.39000000000001,4
2,336.4,19
1,256.11,14
6,2686.42,7
2,746.81,19
4,1259.56,77
2,508.8,163
1,145.5,306
1,203.86999999999998,219
2,681.41,22
3,653.38,114
4,1673.67,126
11,2173.88,4
1,263.92,36
3,1031.41,1
2,1482.32,333
1,32.65,163
2,771.85,184
5,1214.72,16
3,778.94,12
5,810.3,2
2,778.0,43
1,507.84,79
2,463.46000000000004,42
2,467.98,50
6,1979.37,16
2,698.41,46
2,759.1700000000001,19
1,100.8,71
3,524.9200000000001,128
1,153.16,32
1,403.3,313
2,365.76,18
1,303.16,88
7,2373.82,2
2,216.3,1
1,388.45000000000005,253
3,186.42000000000002,156
6,2248.56,36
1,534.24,219
3,2940.04,147
2,120.89999999999999,176
2,541.53,40
6,1834.95,2
7,1721.4,1
2,486.72,17
3,351.68,192
1,131.7,203
5,1737.7,126
1,316.5,15
2,657.3,43
4,552.13,94
3,735.82,22
2,675.69,60
5,1875.8600000000001,16
1,289.96000000000004,158
2,763.28,10
2,137.0,10
5,1870.97,16
4,946.67,44
3,697.54,191
1,194.37,79
1,511.82,77
4,1255.59,3
3,414.04,65
1,396.87,261
2,376.64,58
7,2092.32,0
9,3231.4700000000003,1
1,374.57,248
2,497.56,7
1,272.21999999999997,75
1,622.88,289
3,1138.0,17
2,288.6,220
4,689.1,9
2,558.96,2
9,2997.03,206
2,1145.8400000000001,161
1,302.2,75
2,605.58,261
1,387.31,280
1,308.48,24
10,2924.9900000000002,28
1,513.2,72
1,208.65,128
4,639.02,31
5,764.88,15
1,153.94,308
5,1508.72,17
1,546.81,53
3,723.21,29
5,1070.71,1
4,652.74,11
2,957.3,4
4,939.37,53
9,2066.48,1
1,296.7,190
1,223.36,53
1,164.4,280
1,76.5,177
2,887.6700000000001,29
1,98.42,25
2,578.9,24
1,170.75,269
3,642.32,43
1,103.3,233
2,148.86,23
3,267.16,197
2,631.89,60
1,1487.6,129
5,1952.45,1
2,480.31,19
1,157.9,205
3,541.46,14
4,854.95,94
1,165.12,19
7,1122.38,14
3,454.01,24
2,869.77,8
1,344.14,332
4,1425.67,50
3,155.95000000000002,71
3,380.6,29
1,185.65,242
17,3267.83,8
1,143.45999999999998,218
3,448.90000000000003,4
2,168.87,252
1,175.27,236
2,1242.3,7
4,1116.68,109
3,1240.2,100
4,2404.17,60
3,1468.02,2
6,1819.3700000000001,73
4,3260.96,3
2,993.1800000000001,85
2,386.69,12
6,2415.72,23
1,2044.3700000000001,213
1,161.67000000000002,17
1,116.00999999999999,239
1,394.72,78
2,309.36,217
2,191.99,33
5,1105.78,40
6,2048.45,53
1,386.32,57
3,329.6,130
2,244.79999999999998,173
2,651.3,5
1,214.37,312
1,81.44,59
2,1140.5,21
1,527.05,32
2,843.48,14
4,2020.4,18
1,75.75,81
7,1575.47,5
2,503.6,169
3,528.33,1
4,1324.84,31
9,2358.59,36
1,285.56,19
2,547.0600000000001,31
1,108.5,276
1,621.66,86
2,712.29,119
11,2895.64,1
2,757.39,219
1,133.06,65
4,1797.5,60
1,868.49,138
1,166.07999999999998,21
4,1207.56,36
1,117.55,277
6,1962.8400000000001,10
5,1674.69,73
2,595.42,25
10,2639.51,17
1,178.75,141
7,1802.91,25
2,604.64,18
2,728.16,3
5,2055.51,66
2,347.75,1
7,3406.7200000000003,42
1,205.7,227
3,1178.53,15
2,3178.17,50
6,1594.97,1
1,250.38,74
5,1070.48,4
1,298.11,263
2,1992.1100000000001,52
1,184.4,23
5,2082.83,10
1,239.41,43
5,2692.81,16
3,397.68,127
1,200.47,137
1,283.12,141
2,765.34,131
6,2110.11,38
1,338.95,236
1,154.95,260
4,2534.64,16
1,417.95,252
4,1824.37,30
3,798.74,35
2,885.19,168
9,1823.52,3
2,152.4,185
2,263.33,187
1,137.45,169
2,385.1,10
1,522.91,44
1,153.0,320
1,326.4,200
1,139.35,232
3,1093.94,26
3,1513.9,96
6,3276.4000000000005,127
3,1033.0,71
11,3439.08,16
1,1060.25,15
3,2876.01,3
4,1240.11,79
2,692.19,38
3,700.63,53
3,377.44,9
2,168.24,9
4,1879.05,19
6,2431.29,11
2,355.11,113
5,1944.8799999999999,3
1,110.25,240
1,71.4,112
2,674.52,178
9,1710.45,5
5,1664.6499999999999,0
8,3408.2,19
3,819.96,17
1,115.05,21
1,712.78,32
1,15.0,263
2,772.55,50
3,367.63,158
1,271.2,15
3,2081.9,8
5,1143.27,198
2,245.81,56
2,173.45,10
4,1213.73,96
1,56.4,254
3,647.56,24
3,650.32,21
2,188.02,159
2,283.47,72
1,131.94,53
2,266.85,85
3,1081.26,152
2,1117.9,73
1,225.9,281
9,1564.75,26
1,106.1,29
1,300.34,25
2,342.83,179
3,575.35,40
3,780.43,22
9,2815.69,22
9,1187.21,37
2,1184.84,82
1,512.31,73
1,546.04,11
3,506.51,12
5,1698.07,14
3,20.35,36
3,387.68,4
5,2724.75,71
1,298.4,51
2,716.37,5
4,1820.09,22
1,889.24,298
3,398.7,1
1,35.400000000000006,33
1,155.37,49
3,342.24,2
1,110.21000000000001,47
8,1541.23,42
3,1817.94,26
1,318.15,42
1,205.48,303
1,51.559999999999995,106
1,2033.1,85
8,803.9,81
4,605.8000000000001,218
2,114.34,11
2,311.26,185
4,1418.03,1
1,141.92,304
8,2097.88,3
1,330.9,323
5,2775.28,59
3,554.85,12
1,329.65000000000003,142
6,1157.8700000000001,30
4,213.86,107
11,1539.49,2
1,155.9,204
4,1644.01,80
6,683.46,185
1,237.61,170
1,379.45,43
1,178.52,173
1,133.35,304
4,664.34,3
2,372.55,3
1,156.34,12
3,869.28,31
1,111.35,129
7,686.5699999999999,21
2,201.37,212
1,123.88,322
1,203.85999999999999,162
3,244.1,56
1,107.21,225
4,603.96,71
1,95.45,44
1,256.32,23
1,131.14,172
2,152.06,85
1,154.55,159
2,112.19999999999999,190
1,110.38,29
1,181.07,21
2,406.09000000000003,71
1,72.9,247
1,366.23,9
1,21.6,310
1,190.6,58
1,329.36,3
2,227.87,45
1,1304.04,88
15,3444.54,4
4,820.23,64
1,207.50000000000003,282
6,2683.5,11
2,397.29,133
2,212.54,45
4,843.0,11
5,1740.48,35
2,408.36,134
3,1331.57,29
2,704.25,51
2,145.79,138
1,380.13,5
5,2147.34,8
1,99.14,159
1,304.56,130
1,77.50000000000001,7
2,149.57999999999998,233
1,176.68,37
1,358.56000000000006,147
1,219.03,72
1,599.0400000000001,39
10,2185.45,5
4,557.3,198
1,12.75,249
1,111.68,66
1,508.46000000000004,116
1,73.78,171
36,726.69,21
1,102.41,142
1,201.45,31
12,2448.64,37
5,1098.43,37
1,103.0,166
1,562.79,211
1,135.19,241
1,337.04,51
3,703.99,24
1,288.14,29
4,732.41,35
2,516.25,165
1,152.68,145
1,631.35,22
1,20.8,56
1,198.57,185
7,201.12,11
1,314.84000000000003,236
2,93.35,225
4,674.89,121
1,76.1,281
8,1962.46,74
1,190.05,37
2,415.13,12
2,226.47,3
1,444.68,23
9,2116.19,70
1,247.39,235
1,174.8,256
2,187.29,155
1,162.22,28
1,120.03,4
4,1321.01,32
3,523.0,81
2,122.14,108
1,38.45,51
1,612.72,35
2,389.78,152
1,115.31,98
2,230.64999999999998,4
1,73.5,334
1,93.82000000000001,65
2,418.68,21
3,713.89,35
3,403.12,32
5,38.72,154
2,357.20000000000005,19
18,3482.48,11
1,165.04999999999998,53
2,241.38,24
9,2014.3500000000001,4
1,178.34,45
2,172.29000000000002,203
1,300.02,70
1,363.65,288
1,170.16,9
3,306.46,23
9,1714.25,21
3,720.52,173
2,814.0,133
12,2047.81,5
1,318.0,75
1,396.33,40
1,101.7,289
5,2009.24,26
1,194.05,257
1,247.44,185
9,2412.8,23
9,2188.08,8
2,336.13,217
2,1231.5,18
3,343.45,36
1,680.84,25
1,90.48,16
1,386.05,330
1,101.34,274
1,166.03,61
4,2106.52,93
7,3017.3,81
2,580.05,312
3,849.06,11
5,2479.88,7
1,168.31,127
2,222.4,11
1,754.64,37
1,113.48000000000002,37
1,421.9,329
1,271.0,254
1,198.8,19
2,352.69,12
1,220.1,290
5,741.74,67
1,315.65,25
1,111.15,214
2,653.3000000000001,149
6,1793.06,8
2,574.4399999999999,24
4,1131.75,29
1,200.92,60
3,347.08,19
1,112.55000000000001,243
3,1059.39,15
1,931.5,212
5,681.91,29
3,784.33,63
1,152.65,295
2,1019.52,157
2,1000.16,116
10,2386.1,7
4,2861.55,12
2,160.35,140
2,179.34,45
3,612.0799999999999,50
3,566.58,32
2,653.35,134
2,399.19,3
3,371.62,75
1,488.76,12
2,453.4,9
1,530.15,301
2,638.0600000000001,57
5,1618.69,15
1,399.65,37
1,302.46,177
3,1384.8600000000001,23
4,710.1,176
1,202.65,60
3,980.3100000000001,33
5,1231.31,58
4,2106.84,86
1,104.0,7
6,1340.8700000000001,31
3,1290.16,128
6,1793.17,9
6,1843.75,4
1,366.85,24
2,632.07,227
1,49.8,15
1,304.25,249
3,2001.04,15
2,1090.24,77
2,284.46000000000004,192
1,207.8,261
1,957.97,71
1,243.76,165
1,973.84,82
2,686.63,95
1,150.35,106
3,1396.99,199
1,160.42000000000002,157
3,1975.3500000000001,71
2,517.36,36
1,139.10000000000002,28
6,2621.38,1
5,600.07,25
1,216.07,326
1,232.48000000000002,236
1,299.34000000000003,89
1,481.75,31
2,621.75,29
2,641.92,211
8,1679.71,2
1,305.28,226
5,1041.61,22
1,443.0,92
1,158.95000000000002,263
1,93.75,217
2,779.9,56
7,2810.2000000000003,9
5,2071.77,192
4,592.97,81
1,440.0,325
3,1796.48,71
6,882.24,29
5,987.1,2
4,1123.51,218
1,422.58,46
17,2073.09,9
4,2232.4900000000002,72
6,2201.33,7
2,596.1,23
2,804.02,122
1,95.34,17
1,349.27,310
2,518.27,50
1,103.30000000000001,89
8,2337.63,39
2,1962.3000000000002,24
5,2397.65,172
2,324.24,43
1,149.48,140
3,1213.16,25
2,801.51,72
1,25.5,134
2,283.15000000000003,38
6,3078.58,2
3,204.0,2
1,175.92,30
1,335.86,43
1,110.38,58
1,173.9,73
1,180.60000000000002,277
1,80.82,180
2,178.05,7
16,2045.53,3
3,1837.28,42
